tipo,titulo,canal,link,data,views,outras_metricas,avaliacao,status
YouTube,Ranking funniest auraloss moments,wool2saucy,https://www.youtube.com/shorts/K_7drvy0ZXE,2026-09-28,4792680,subs=10600; breakout=158.3x,vidIQ outliers,referência
YouTube,Ranking Funniest Game Filter Moments,Listza,https://www.youtube.com/shorts/xOUa35Pdrys,2026-09-30,1482422,subs=3210; breakout=2705.04x,fonte: vidIQ outliers (busca YT #1); tema=Game Filter Moments,referência
YouTube,Ranking Halland funniest moments,J BOSS ENTERTAINMENT TV,https://www.youtube.com/shorts/R8Ghv-tViGk,2026-10-04,670469,subs=4600; breakout=133.28x,vidIQ outliers,referência
YouTube,Ranking Funniest Minecraft Moments,nesk,https://www.youtube.com/shorts/215SXzFDoGA,2026-09-21,961994,subs=5580; breakout=70.31x,fonte: vidIQ outliers (busca YT #1); tema=Minecraft Moments,referência
YouTube,Ranking Funniest Jumpscare Moments,JOYNED,https://www.youtube.com/shorts/VSZ6ONtvKN4,2026-09-24,956616,subs=87600; breakout=34.44x,fonte: vidIQ outliers (busca YT #1); tema=Jumpscare Moments,referência
YouTube,Ranking funniest Chess moments,Messzck.Top5,https://www.youtube.com/shorts/lJU8oQcVLb0,2026-10-01,2241042,subs=20200; breakout=56.7x,vidIQ outliers,referência
YouTube,Ranking Funniest Moments on Internet,Antiput,https://www.youtube.com/shorts/EEi25F6c_ME,2026-09-23,1788088,subs=6450; breakout=86.94x,fonte: vidIQ outliers (busca YT #1); tema=Moments on Internet,referência
YouTube,Ranking the Funniest 20v1 Moments,RankZone,https://www.youtube.com/shorts/VZP3XFc_6Cs,2026-09-29,3085874,subs=68900; breakout=146.9x,fonte: vidIQ outliers (busca YT #1); tema=20v1 Moments,referência
YouTube,Ranking Funniest Unexpected Rizz Moments,Rankfloy,https://www.youtube.com/shorts/X7pkBGIZhn8,2026-09-23,2255194,subs=100000; breakout=52.78x,fonte: vidIQ outliers (busca YT #1); tema=Unexpected Rizz Moments,referência
YouTube,Ranking Funniest Crocodile Moments,Kerz Ranks,https://www.youtube.com/shorts/hBgs5uFJeUw,2026-09-30,2570159,subs=4160; breakout=74.16x,fonte: vidIQ outliers (busca YT #1); tema=Crocodile Moments,referência
YouTube,Ranking Funniest School Moments,RankTop,https://www.youtube.com/shorts/9z5TH4EBhAo,2026-09-28,868677,subs=39900; breakout=26.67x,fonte: vidIQ outliers (busca YT #1); tema=School Moments,referência
YouTube,Ranking Funniest Construction Moments,TheRankedNonsense,https://www.youtube.com/shorts/0dyleh0yCGo,2026-09-25,419510,subs=2250; breakout=17.28x,fonte: vidIQ outliers (busca YT #1); tema=Construction Moments,referência
YouTube,ranking funniest wavepool moments,solo girl,https://www.youtube.com/shorts/vir2BDGVQH0,2026-09-29,108595,subs=7690; breakout=21.9x,vidIQ outliers,referência
YouTube,Ranking Funniest Memes Moments,corpseclip,https://www.youtube.com/shorts/gpBNZ3Ujks0,2026-09-25,706289,subs=163000; breakout=20.38x,fonte: vidIQ outliers (busca YT #1); tema=Memes Moments,referência
YouTube,Ranking Funniest Work Moments,Daniel Ranks,https://www.youtube.com/shorts/FazdmyPFCG8,2026-10-07,28029,subs=3560; breakout=3716.01x,fonte: vidIQ outliers (busca YT #1); tema=Work Moments,referência
YouTube,ranking funniest football moments,Realranks,https://www.youtube.com/shorts/vCq5sQSWZUo,2026-10-01,28146,subs=2920; breakout=71.18x,vidIQ outliers,referência
YouTube,Ranking Funniest Animal Moments,ECHO RANKS,https://www.youtube.com/shorts/K5RL82-rsU8,2026-09-09,823957,subs=3200; breakout=44.06x,fonte: vidIQ outliers (busca YT #2); tema animais,referência
YouTube,Ranking Funniest Animal Moments,DJ Ranker,https://www.youtube.com/shorts/rmesSE1ZUH8,2026-09-06,28881,subs=946; breakout=13.1x,fonte: vidIQ outliers (busca YT #2); tema animais,referência
YouTube,Ranking Funniest Animal Moments,Nick,https://www.youtube.com/shorts/NMdL_tDnIBs,2026-10-07,25594,subs=1480; breakout=2.85x,fonte: vidIQ outliers (busca YT #2); tema animais,referência
YouTube,Ranking Funniest Animal Moments,ThePickle,https://www.youtube.com/shorts/ywMlwA2Zi9w,2026-09-06,24981,subs=2570; breakout=423.41x,fonte: vidIQ outliers (busca YT #2); tema animais,referência
TikTok,@funny.pet5789,funny.pet5789,https://www.tiktok.com/@funny.pet5789/video/7675670882534051085,,23.6M,1741.7x mediana; 67.2k seg; 82s; compilação 'Crocodile',COMPILAÇÃO de clipes de terceiros (não é clipe original); só metadados vidIQ (conceito gerado por IA),descartado como clipe / usado como evidência de demanda
TikTok,@cutepetshorts_tiktok,cutepetshorts_tiktok,https://www.tiktok.com/@cutepetshorts_tiktok/video/7682411476577045768,,6.4M,2338x; 7.2k seg; 31s; ranking compilation 'RANKING CROCODILE ALLIGATOR MOMENTS',COMPILAÇÃO de clipes de terceiros (não é clipe original); só metadados vidIQ (conceito gerado por IA),descartado como clipe / usado como evidência de demanda
TikTok,@stevesio799,stevesio799,https://www.tiktok.com/@stevesio799/video/7690896141650644237,,3.8M,344x; 12.9k seg; 70s; compilação,COMPILAÇÃO de clipes de terceiros (não é clipe original); só metadados vidIQ (conceito gerado por IA),descartado como clipe / usado como evidência de demanda
TikTok,@pieter.jean7,pieter.jean7,https://www.tiktok.com/@pieter.jean7/video/7676051454519479565,,737K,145x; 15.8k seg; 64s; compilação,COMPILAÇÃO de clipes de terceiros (não é clipe original); só metadados vidIQ (conceito gerado por IA),descartado como clipe / usado como evidência de demanda
TikTok,@funclips389,funclips389,https://www.tiktok.com/@funclips389/video/7682677365549321502,,1.7M,253x; 550k seg; 31s; ranking compilation,COMPILAÇÃO de clipes de terceiros (não é clipe original); só metadados vidIQ (conceito gerado por IA),descartado como clipe / usado como evidência de demanda
TikTok,@shawv.chari4,shawv.chari4,https://www.tiktok.com/@shawv.chari4/video/7691644521729281311,,992K,415x; 16.2k seg; 67s; compilação,COMPILAÇÃO de clipes de terceiros (não é clipe original); só metadados vidIQ (conceito gerado por IA),descartado como clipe / usado como evidência de demanda
TikTok,@fizyreactsonyt,fizyreactsonyt,https://www.tiktok.com/@fizyreactsonyt/video/7664614455707258145,,745K,452x; 670 seg; 30s; ranking de animais marinhos (não croc),COMPILAÇÃO de clipes de terceiros (não é clipe original); só metadados vidIQ (conceito gerado por IA),descartado como clipe / usado como evidência de demanda
TikTok,@lnteresringvideos5510,lnteresringvideos5510,https://www.tiktok.com/@lnteresringvideos5510/video/7692383813871176991,,13.8M,829x; 38.3k seg; 90s; compilação,COMPILAÇÃO de clipes de terceiros (não é clipe original); só metadados vidIQ (conceito gerado por IA),descartado como clipe / usado como evidência de demanda
TikTok,@crane.caspe8,crane.caspe8,https://www.tiktok.com/@crane.caspe8/video/7662329698273283358,,710K,55x; 21.3k seg; 61s; lagartos (não croc),COMPILAÇÃO de clipes de terceiros (não é clipe original); só metadados vidIQ (conceito gerado por IA),descartado como clipe / usado como evidência de demanda
TikTok,@funmart786,funmart786,https://www.tiktok.com/@funmart786/video/7693319932519484703,,3.3M,116x; 428k seg; 31s; ranking compilation,COMPILAÇÃO de clipes de terceiros (não é clipe original); só metadados vidIQ (conceito gerado por IA),descartado como clipe / usado como evidência de demanda
Instagram(não TikTok),@ikhan313007,ikhan313007,reel:DdOL_uhR3Rj,,8.9M,"168.9x; 14s; croc ataca aves, áudio 'Ouch'","clipe individual, mas é Instagram",fora do escopo (pista de fonte)
Instagram(não TikTok),@madbioreptiles,madbioreptiles,reel:DdZPKwhOIpI,,1.7M,19x; 246k seg,"clipe original, Instagram",fora do escopo
Instagram(não TikTok),@tangothedwarfcaiman,tangothedwarfcaiman,reel:Da-biTUMjeH,,965K,89x,"clipe original, Instagram",fora do escopo
TikTok,@nasilemakdaily,nasilemakdaily,https://www.tiktok.com/@nasilemakdaily/video/7673065281597771028,,2.9M,40x; 52k seg; 23s; homem escorrega perto de crocodilos e sai ileso,CANDIDATO (provável repost de notícia; checar visualmente) | só metadados vidIQ,triagem (busca TikTok #2)
TikTok,@edit.force6,edit.force6,https://www.tiktok.com/@edit.force6/video/7671658045868412168,,479K,187x; 249 seg; 14s; homem toca focinho de croc e conta os dedos,CANDIDATO (pode ser edit/repost) | só metadados vidIQ,triagem (busca TikTok #2)
TikTok,@tom517911,tom517911,https://www.tiktok.com/@tom517911/video/7672881912511286559,,126K,25x; 5.2k seg; 20s; reação histérica a jacaré saindo da água na pescaria,"CANDIDATO (cru, possível original) | só metadados vidIQ",triagem (busca TikTok #2)
TikTok,@roogaroastss,roogaroastss,https://www.tiktok.com/@roogaroastss/video/7671658965146602765,,967K,"142x; 31k seg; 15s; duet/reação, cachorro perseguido por jacaré",CANDIDATO fraco (reação sobre vídeo de terceiros) | só metadados vidIQ,triagem (busca TikTok #2)
TikTok,@joniking019,joniking019,https://www.tiktok.com/@joniking019/video/7671834125468306719,,350K,75x; 12s; pessoa na tirolesa pega por jacaré,DESCARTADO: aparente VFX/falso | só metadados vidIQ,triagem (busca TikTok #2)
TikTok,@wilfred.eze1,wilfred.eze1,https://www.tiktok.com/@wilfred.eze1/video/7688607858518199574,,2.1M,2147x; 10s; animação de desenho,DESCARTADO: animação | só metadados vidIQ,triagem (busca TikTok #2)
TikTok,@funnywildlifeextra,funnywildlifeextra,https://www.tiktok.com/@funnywildlifeextra/video/7669745237358677261,,1.5M,9s; elefante vs croc,DESCARTADO: aparente IA | só metadados vidIQ,triagem (busca TikTok #2)
TikTok,@funny.crazy29,funny.crazy29,https://www.tiktok.com/@funny.crazy29/video/7688233557369654559,,915K,30s; gorila vs croc com risada,DESCARTADO: provável IA/terceiros | só metadados vidIQ,triagem (busca TikTok #2)
TikTok,@funny.snake0,funny.snake0,https://www.tiktok.com/@funny.snake0/video/7688924625996238111,,687K,"10s; queda em cipó, sem croc",DESCARTADO: fora do tema | só metadados vidIQ,triagem (busca TikTok #2)
TikTok,@chokoraa.wa.kesoo,chokoraa.wa.kesoo,https://www.tiktok.com/@chokoraa.wa.kesoo/video/7669808555079453959,,1.3M,"9s; encenação, sem croc",DESCARTADO: fora do tema | só metadados vidIQ,triagem (busca TikTok #2)
TikTok,@thereptilezoo,thereptilezoo,https://www.tiktok.com/@thereptilezoo/video/7675106751477206303,,18M,39x; 13.1M seg; 38s; tratadora alimenta jacarés e repreende um,"CANDIDATO (criador original, grande) | só metadados vidIQ",triagem (busca TikTok #3)
TikTok,@keylolo007,keylolo007,https://www.tiktok.com/@keylolo007/video/7668789998308691214,,1.9M,36x; 14.5k seg; 20s; filhote de caimão morde a luva,CANDIDATO | só metadados vidIQ,triagem (busca TikTok #3)
TikTok,@thekevingrande,thekevingrande,https://www.tiktok.com/@thekevingrande/video/7687630315447143711,,2.7M,"60x; 72.9k seg; 19s; lava jacaré em piscina infantil, tartaruga assiste",CANDIDATO | só metadados vidIQ,triagem (busca TikTok #3)
TikTok,@funny.videos22627,funny.videos22627,https://www.tiktok.com/@funny.videos22627/video/7683199005790113055,,1.5M,6.7x; 21s; 'pessoa em fantasia de jacaré' entre jacarés,CANDIDATO duvidoso (pode ser IA/encenado) | só metadados vidIQ,triagem (busca TikTok #3)
TikTok,@humantix,humantix,https://www.tiktok.com/@humantix/video/7690351476354338079,,1.1M,20x; 15s; jacarés dançando em bunker de golfe,DESCARTADO: CGI | só metadados vidIQ,triagem (busca TikTok #3)
TikTok,@themourningbloom,themourningbloom,https://www.tiktok.com/@themourningbloom/video/7661715922477960478,,2M,5s; b-roll de croc com meme de texto,"DESCARTADO: meme de texto, sem evento | só metadados vidIQ",triagem (busca TikTok #3)
TikTok,@geckomu.id,geckomu.id,https://www.tiktok.com/@geckomu.id/video/7674842903511878932,,132K,16s; lagarto gecko,DESCARTADO: fora do tema | só metadados vidIQ,triagem (busca TikTok #3)
TikTok,@user8395282370744,user8395282370744,https://www.tiktok.com/@user8395282370744/video/7675688528205974797,,178K,34s; ranking de répteis,DESCARTADO: compilação/fora do tema | só metadados vidIQ,triagem (busca TikTok #3)
TikTok,@seal2028com,seal2028com,https://www.tiktok.com/@seal2028com/video/7672044318546201870,,1.7M,19s; foca,DESCARTADO: fora do tema | só metadados vidIQ,triagem (busca TikTok #3)
TikTok,@topnumberrank,topnumberrank,https://www.tiktok.com/@topnumberrank/video/7664325934706625823,,99K,30s; ranking animais,DESCARTADO: compilação | só metadados vidIQ,triagem (busca TikTok #3)
TikTok-visual,@nasilemakdaily,,,,,,"VISUAL OK. 0:02-0:06 jacaré salta, homem escorrega e cai entre jacarés; 0:15-0:23 sai ileso. Real. REPOST com marca d'água, banner verde 'LIFESTYLE' + legenda queimada, logo no topo; clipe de zoo viral reenquadrado. Momento forte em 2s. Dica: buscar fonte original sem banner.",Vídeo analisado visualmente
TikTok-visual,@thereptilezoo,,,,,,"VISUAL OK. Original, sem overlay, real. Mas momento fraco/tardio: 0:20-0:27 jacaré de boca aberta esperando camarão; 0:27-0:37 trilho quebrado. 20s até o 'momento'. Depende moderadamente da fala. Views altas vêm do canal (13M seg).",Vídeo analisado visualmente
TikTok-visual,@keylolo007,,,,,,"VISUAL OK. Real; filhote de jacaré em posição ameaçadora 0:00-0:05 e captura 0:10-0:14. Legenda queimada durante todo o vídeo; provável repost. Fofo/engraçado leve, não forte.",Vídeo analisado visualmente
TikTok-visual,@thekevingrande,,,,,,VISUAL OK. NÃO É JACARÉ: é um varano (Asian water monitor) + tartaruga sulcata. Metadado vidIQ estava errado. Sem momento forte.,Vídeo analisado visualmente - DESCARTADO (fora do tema)
TikTok-visual,@edit.force6,,,,,,"VISUAL OK. Show de crocodilo (provável Sudeste Asiático): 0:03-0:09 homem enfia braço na boca duas vezes, croc fecha mandíbula; 0:09-0:12 conta os dedos. Real. Repost editado: letterbox preto, legenda 'Bro literally counted his fingers', glitch/emojis no fim 0:11-0:13. Piada visual clara.",Vídeo analisado visualmente
TikTok-visual,@roogaroastss,,,,,,VISUAL OK. Vídeo caseiro viral da Flórida: 0:00-0:02 jacaré investe contra cachorro; 0:05-0:08 cachorro entra por porta da varanda e jacaré bate na tela. Real. Mas versão é duet: criador ocupa ~45-50% do quadro + legenda embutida. Inutilizável assim; conceito ótimo -> procurar original.,Vídeo analisado visualmente (versão duet inadequada)
TikTok-visual,@tom517911,,,,,,Análise falhou: 'TikHub returned no aweme_detail' (vídeo indisponível). Créditos reembolsados.,Apenas metadados
TikTok-visual,@funny.videos22627,,,,,,Análise falhou: 'TikHub returned no aweme_detail' (vídeo indisponível). Créditos reembolsados.,Apenas metadados
TikTok,@tomathon67,tomathon67,https://www.tiktok.com/@tomathon67/video/7667981480995392782,,7.8M,96x; 7.2k seg; 6s; jacaré sai do lago e corre atrás do câmera (repost de @jonk),CANDIDATO forte -> analisar | só metadados vidIQ,triagem (busca TikTok #4)
TikTok,@deepoceanusa,deepoceanusa,https://www.tiktok.com/@deepoceanusa/video/7678628225529957664,,1.3M,24x; 667k seg; 10s; jacaré sobe em barco de turistas,CANDIDATO (risco de IA) -> analisar | só metadados vidIQ,triagem (busca TikTok #4)
TikTok,@saeedgh.funny.clo,saeedgh.funny.clo,https://www.tiktok.com/@saeedgh.funny.clo/video/7675377714353753374,,3.3M,20s; resgate de lontra com caiman + memes,DESCARTADO: edição com memes/provável encenação | só metadados vidIQ,triagem (busca TikTok #4)
TikTok,@hubfuqxqam1,hubfuqxqam1,https://www.tiktok.com/@hubfuqxqam1/video/7661086318876806431,,2.4M,11s; peixe em cooler,DESCARTADO: fora do tema | só metadados vidIQ,triagem (busca TikTok #4)
TikTok,@alcetra.clipz,alcetra.clipz,https://www.tiktok.com/@alcetra.clipz/video/7677308132980296982,,3.8M,15s; jacaré de controle remoto,DESCARTADO: pegadinha com brinquedo | só metadados vidIQ,triagem (busca TikTok #4)
TikTok,@xfindings,xfindings,https://www.tiktok.com/@xfindings/video/7676830784191270167,,633K,6s; croc de brinquedo,DESCARTADO: brinquedo | só metadados vidIQ,triagem (busca TikTok #4)
TikTok,@epic__tv,epic__tv,https://www.tiktok.com/@epic__tv/video/7667314453481917710,,439K,6s; croc gigante e navio,DESCARTADO: CGI | só metadados vidIQ,triagem (busca TikTok #4)
TikTok,@hainabaichuan333,hainabaichuan333,https://www.tiktok.com/@hainabaichuan333/video/7686051925812382997,,1.4M,39s; esquete gerado por IA,DESCARTADO: IA | só metadados vidIQ,triagem (busca TikTok #4)
TikTok,@joy716194,joy716194,https://www.tiktok.com/@joy716194/video/7667607783843433749,,6.6M,15s; cobra e sapo,DESCARTADO: fora do tema | só metadados vidIQ,triagem (busca TikTok #4)
TikTok,@underrated.moments,underrated.moments,https://www.tiktok.com/@underrated.moments/video/7669922126689848609,,536K,8s; pequenos animais,DESCARTADO: fora do tema | só metadados vidIQ,triagem (busca TikTok #4)
TikTok-visual,@tomathon67,tomathon67,https://www.tiktok.com/@tomathon67/video/7667981480995392782,,7.8M,,"VISUAL OK. 0:00-0:03 jacaré corre morro acima na direção da câmera; 0:03-0:05 câmera foge, borrão. Real. Legenda 'throwback to when...' fixa o vídeo inteiro; repost de @jonk (segundo a legenda). Imagem tremida/borrada, mas momento imediato (0s).",Vídeo analisado visualmente
TikTok-visual,@deepoceanusa,deepoceanusa,https://www.tiktok.com/@deepoceanusa/video/7678628225529957664,,1.3M,,"VISUAL OK. Análise aponta IA/CGI (física irreal, objetos atravessando grade, pessoas deformadas). 0:01-0:05 jacaré sobe no barco.",Vídeo analisado visualmente - DESCARTADO (provável IA)
